3115,D01,Uma,F,Vellore,11212321323,H,24,1
3116,D02,Manju,F,Kodambakkam,11212321324,H,25,2
3117,D03,Steve,M,Arumbakkam,11212321325,D,26,3
3118,D04,Gayathri,F,Sholinganallur,11212321326,D,30,4
3119,D05,Mamtha,F,Adyar,11212321327,H,26,1
3120,D06,Sai,M,Mylapore,11212321328,D,23,2
3121,D04,Krishna,M,Panagal Park,11212321329,D,23,3
3122,D01,Jay,F,Poonamalle,11212321330,D,26,4
3123,D01,Divya,F,Avadi,11212321331,H,30,1
3124,D06,Kathir,M,Avadi,11212321332,D,26,2
3125,D02,Sharmi,F,Kodambakkam,11212321333,H,27,3
3126,D05,Vijay,M,Pallavaram,11212321334,D,28,4
3127,D01,Giridhar,M,St. Thomas Mount,11212321335,H,25,1
3128,D03,Arvind,M,Triplicane,11212321336,H,24,2
3129,D01,Arun,M,Saidapet,11212321337,H,32,3
